platform,content,url,scheduled_date
twitter,"Your fiddle leaf fig doesn't hate you — it might just hate its soil. Getting the mix right changes everything. Here's what actually works 🌿 https://leaflogic-two.vercel.app/articles/best-soil-for-fiddle-leaf-fig-what-actually-works #FiddleLeafFig #PlantCare #HousePlants",https://leaflogic-two.vercel.app/articles/best-soil-for-fiddle-leaf-fig-what-actually-works,
twitter,"Droopy leaves, root rot, slow growth... a lot of fiddle leaf fig struggles start with the wrong potting mix. Here's how to fix it from the ground up 🪴 https://leaflogic-two.vercel.app/articles/best-soil-for-fiddle-leaf-fig-what-actually-works",https://leaflogic-two.vercel.app/articles/best-soil-for-fiddle-leaf-fig-what-actually-works,
twitter,"Be honest — do you actually know what soil your fiddle leaf fig is sitting in? 👀 Because it matters more than you'd think. Here's what to look for: https://leaflogic-two.vercel.app/articles/best-soil-for-fiddle-leaf-fig-what-actually-works #FicusLyrata #PlantParent",https://leaflogic-two.vercel.app/articles/best-soil-for-fiddle-leaf-fig-what-actually-works,
pinterest,"Struggling to keep your fiddle leaf fig happy? The secret might be in your soil mix. Learn what the best soil for fiddle leaf fig actually looks like and how to create the perfect mix at home. 🌿 https://leaflogic-two.vercel.app/articles/best-soil-for-fiddle-leaf-fig-what-actually-works",https://leaflogic-two.vercel.app/articles/best-soil-for-fiddle-leaf-fig-what-actually-works,
twitter,"Snake plants are basically impossible to kill — until you overwater them 😅 Here's exactly how often to water yours in every season 🌿 https://leaflogic-two.vercel.app/articles/how-often-to-water-snake-plant #SnakePlant #PlantCare #Sansevieria",https://leaflogic-two.vercel.app/articles/how-often-to-water-snake-plant,
twitter,"Hot take: most snake plants die from too much love, not too little. If you're watering weekly, you might be hurting yours. Here's the real schedule 👇 https://leaflogic-two.vercel.app/articles/how-often-to-water-snake-plant #PlantParent",https://leaflogic-two.vercel.app/articles/how-often-to-water-snake-plant,
twitter,"Be honest — are you guessing when to water your snake plant? 🌱 There's actually a right answer depending on your season and environment. Check this out: https://leaflogic-two.vercel.app/articles/how-often-to-water-snake-plant #Sansevieria #HousePlants",https://leaflogic-two.vercel.app/articles/how-often-to-water-snake-plant,
pinterest,"Wondering how often to water your snake plant? From summer schedules to winter dormancy, this complete sansevieria care guide breaks it all down. Save this so you never overwater again! 🌿 https://leaflogic-two.vercel.app/articles/how-often-to-water-snake-plant",https://leaflogic-two.vercel.app/articles/how-often-to-water-snake-plant,
twitter,"Pothos are basically the gift that keeps on giving 🌿 Take a cutting, pop it in water, and watch the magic happen. Here's a beginner-friendly guide to get you started: https://leaflogic-two.vercel.app/articles/how-to-propagate-pothos-in-water-a-beginner-s-guide #PlantPropagation #PothosLove #HousePlants",https://leaflogic-two.vercel.app/articles/how-to-propagate-pothos-in-water-a-beginner-s-guide,
twitter,"One pothos can turn into ten with just a jar of water and a little patience 💚 If you've never tried propagating before, this is honestly the perfect place to start: https://leaflogic-two.vercel.app/articles/how-to-propagate-pothos-in-water-a-beginner-s-guide",https://leaflogic-two.vercel.app/articles/how-to-propagate-pothos-in-water-a-beginner-s-guide,
twitter,"Have you ever tried propagating your pothos in water? 🌱 It's way easier than it sounds and so satisfying to watch those roots grow. Here's exactly how to do it: https://leaflogic-two.vercel.app/articles/how-to-propagate-pothos-in-water-a-beginner-s-guide",https://leaflogic-two.vercel.app/articles/how-to-propagate-pothos-in-water-a-beginner-s-guide,
pinterest,"Learn how to propagate pothos in water with this simple beginner's guide 🌿 From taking the perfect cutting to growing healthy roots, pothos water propagation is the easiest way to multiply your plants. https://leaflogic-two.vercel.app/articles/how-to-propagate-pothos-in-water-a-beginner-s-guide",https://leaflogic-two.vercel.app/articles/how-to-propagate-pothos-in-water-a-beginner-s-guide,
twitter,"Yellow monstera leaves? Don't panic 🌿 There are 8 common reasons this happens and most are a super easy fix. Figure out what's going on with yours: https://leaflogic-two.vercel.app/articles/why-is-my-monstera-turning-yellow-8-causes-fixes #MonsteraMonday #PlantCare",https://leaflogic-two.vercel.app/articles/why-is-my-monstera-turning-yellow-8-causes-fixes,
twitter,"Overwatering gets the blame for everything, but it's not always the culprit when monstera leaves turn yellow. Here are all 8 real reasons (and exactly how to fix each one) 👇 https://leaflogic-two.vercel.app/articles/why-is-my-monstera-turning-yellow-8-causes-fixes #Monstera",https://leaflogic-two.vercel.app/articles/why-is-my-monstera-turning-yellow-8-causes-fixes,
twitter,"Honest question for fellow plant parents — how long did it take you to figure out WHY your monstera was yellowing? 😅 Wish I'd had this guide sooner: https://leaflogic-two.vercel.app/articles/why-is-my-monstera-turning-yellow-8-causes-fixes #PlantProblems #HousePlants",https://leaflogic-two.vercel.app/articles/why-is-my-monstera-turning-yellow-8-causes-fixes,
pinterest,"Monstera leaves turning yellow? You're not alone! From overwatering to low light to root rot, there are 8 common causes — and all of them are fixable. Find out exactly what's wrong with your plant and how to nurse it back to health. 🌿 https://leaflogic-two.vercel.app/articles/why-is-my-monstera-turning-yellow-8-causes-fixes",https://leaflogic-two.vercel.app/articles/why-is-my-monstera-turning-yellow-8-causes-fixes,
twitter,"Yellow pothos leaves are usually a cry for help 🌿 Overwatering, light issues, and root rot are just a few culprits. Here's how to diagnose and fix each one: https://leaflogic-two.vercel.app/articles/why-is-my-pothos-turning-yellow #pothos #plantcare #houseplants",https://leaflogic-two.vercel.app/articles/why-is-my-pothos-turning-yellow,
twitter,"Not all yellow pothos leaves mean the same thing — and the fix depends on the cause. Saved this one for the next time my plant starts looking sad 😅 https://leaflogic-two.vercel.app/articles/why-is-my-pothos-turning-yellow #plantparent",https://leaflogic-two.vercel.app/articles/why-is-my-pothos-turning-yellow,
twitter,"Is your pothos turning yellow and you have no idea why? 🌱 Could be water, light, nutrients, or something else entirely. Which one is your plant dealing with? https://leaflogic-two.vercel.app/articles/why-is-my-pothos-turning-yellow #pothos #planthelp",https://leaflogic-two.vercel.app/articles/why-is-my-pothos-turning-yellow,
pinterest,"Pothos turning yellow? Don't panic! There are 7 common reasons your pothos leaves turn yellow — from overwatering to low light — and each one has a simple fix. Save this to troubleshoot your plant and get it thriving again. 🌿 https://leaflogic-two.vercel.app/articles/why-is-my-pothos-turning-yellow",https://leaflogic-two.vercel.app/articles/why-is-my-pothos-turning-yellow,